variante,n_test,churn_test,roc_auc,pr_auc,ece,recall_top20,n_features,nota
base (pipeline),19709,0.426,0.7403,0.7042,0.0098,0.364,86,"features completas, sin ConnectedStatus"
sin concesionario / versión / provincia,19709,0.426,0.7383,0.7002,0.0173,0.361,83,robustez: sin categóricas de alta cardinalidad
con ConnectedStatusARG (snapshot),19709,0.426,0.7304,0.689,0.0289,0.355,87,leakage suave: estado de conectividad a la fecha de extracción
sólo agenda (sin features de ventas),19709,0.426,0.7387,0.7,0.0112,0.363,78,qué aporta cruzar con la base de ventas
exige ≥ 6 meses de historia observable,19422,0.429,0.7376,0.7023,0.0134,0.361,86,mitigación de la censura a la izquierda (EDA 05): descarta ventanas con historia corta
sin encuestas,19709,0.426,0.7353,0.6977,0.0127,0.36,81,EDA 06: la encuesta es previa al turno y sin señal
sólo primer service,3562,0.471,0.8045,0.835,0.0247,0.424,86,modelo entrenado y evaluado sólo en ese tipo de ventana
sólo services siguientes,16147,0.416,0.7209,0.6364,0.0132,0.34,86,modelo entrenado y evaluado sólo en ese tipo de ventana
LEAKAGE: columna KM como km del evento,20769,0.483,0.813,0.8019,0.0563,0.363,86,ventanas y features con la foto de km a la extracción: AUC inflado artificialmente
