uplift,valor_retencion_usd,ganancia_incremental_usd,beneficio_neto_modelo_usd,roi_modelo
0.05,100,6874.573798772135,3449.0,0.29164552680534417
0.05,200,13749.14759754427,18724.0,1.5832910536106883
0.05,300,20623.721396316403,33999.0,2.8749365804160325
0.05,500,34372.86899386067,64549.0,5.458227634026721
0.1,100,13749.14759754427,18724.0,1.5832910536106883
0.1,200,27498.29519508854,49274.0,4.166582107221377
0.1,300,41247.442792632806,79824.0,6.749873160832065
0.1,500,68745.73798772134,140924.0,11.916455268053442
0.15,100,20623.721396316407,33999.0,2.8749365804160325
0.15,200,41247.44279263281,79824.0,6.749873160832065
0.15,300,61871.16418894922,125649.0,10.624809741248097
0.15,500,103118.60698158204,217299.0,18.374682902080163
0.25,100,34372.86899386068,64549.0,5.458227634026721
0.25,200,68745.73798772135,140924.0,11.916455268053442
0.25,300,103118.60698158202,217299.0,18.374682902080163
0.25,500,171864.34496930338,370049.0,31.291138170133603
