cycle_days,km_interval,km_by_generation,lead_days,horizon_days,min_gap_days,first_due_days,anchor,km_source,min_history_days,split_visit_days,label_margin_days,label_mode,n_evaluables,churn_rate,pct_preempted,pct_piso,pct_km,captura_retornos_18m,n_retornos_18m,mediana_dias_retorno_vs_due,seg
365,16000.0,(P703)=16000|(P703)=16000|(P375)=10000|RAPTOR=10000,30,60,90,300,last_maintenance,current,0,30,30,ventana,149423,0.506769372854246,0.20129542055697022,0.11229864210998307,0.617997229342203,0.43709300532577366,168614,8.0,9.6
365,16000.0,(P703)=16000|(P703)=16000|(P375)=10000|RAPTOR=10000,30,90,90,300,last_maintenance,current,0,30,30,ventana,142558,0.41594298460977286,0.20129542055697022,0.11457091148865725,0.6149426899928451,0.5062104437594616,164481,16.0,9.6
365,16000.0,(P703)=16000|(P703)=16000|(P375)=10000|RAPTOR=10000,30,120,90,300,last_maintenance,current,0,30,30,ventana,135824,0.3651416539050536,0.20129542055697022,0.11644481093179408,0.6119684297325951,0.5383592433039895,160170,20.0,9.4
365,16000.0,(P703)=16000|(P703)=16000|(P375)=10000|RAPTOR=10000,30,180,90,300,last_maintenance,current,0,30,30,ventana,122114,0.3055423620551288,0.20129542055697022,0.12111633391748694,0.6063104967489396,0.5620000662712482,150895,25.0,9.5
365,16000.0,(P703)=16000|(P703)=16000|(P375)=10000|RAPTOR=10000,60,60,90,300,last_maintenance,current,0,30,30,ventana,166877,0.4491631560970056,0.13230869207623547,0.12098132157217592,0.620510915224986,0.5547528953101708,165699,-1.0,9.2
365,16000.0,(P703)=16000|(P703)=16000|(P375)=10000|RAPTOR=10000,60,90,90,300,last_maintenance,current,0,30,30,ventana,159220,0.3685969099359377,0.13230869207623547,0.12364652681823891,0.6176234141439517,0.625300110714419,160774,5.0,9.2
365,16000.0,(P703)=16000|(P703)=16000|(P375)=10000|RAPTOR=10000,60,120,90,300,last_maintenance,current,0,30,30,ventana,151678,0.32356703015598837,0.13230869207623547,0.12591147035166603,0.6146507733488047,0.6591500433651344,155655,9.0,9.4
365,16000.0,(P703)=16000|(P703)=16000|(P375)=10000|RAPTOR=10000,60,180,90,300,last_maintenance,current,0,30,30,ventana,136393,0.27057107036284855,0.13230869207623547,0.1312530701722229,0.6094081074541948,0.6870550050067332,144805,14.0,9.2
365,16000.0,(P703)=15000|(P703)=15000|(P375)=10000,30,60,90,300,last_maintenance,current,0,30,30,ventana,152646,0.5094597958675628,0.19313757191167158,0.11869292349619381,0.6194987094322812,0.44295568017794185,169044,9.0,9.3
365,16000.0,(P703)=15000|(P703)=15000|(P375)=10000,30,90,90,300,last_maintenance,current,0,30,30,ventana,145529,0.41639810621937895,0.19313757191167158,0.12083502257282054,0.6162551793800548,0.5156239565309777,164715,17.0,9.5
365,16000.0,(P703)=15000|(P703)=15000|(P375)=10000,30,120,90,300,last_maintenance,current,0,30,30,ventana,138658,0.3639169755802045,0.19313757191167158,0.12250284873573829,0.6134157423300495,0.5501955671447197,160303,22.0,9.4
365,16000.0,(P703)=15000|(P703)=15000|(P375)=10000,30,180,90,300,last_maintenance,current,0,30,30,ventana,124552,0.3030461172843471,0.19313757191167158,0.12690281970582568,0.6075695291926264,0.5758609023304565,150743,27.0,9.4
365,16000.0,(P703)=15000|(P703)=15000|(P375)=10000,60,60,90,300,last_maintenance,current,0,30,30,ventana,169272,0.45488326480457486,0.1274314357952026,0.12757573609338815,0.6197894512973203,0.5549187524807255,166282,0.0,9.8
365,16000.0,(P703)=15000|(P703)=15000|(P375)=10000,60,90,90,300,last_maintenance,current,0,30,30,ventana,161413,0.3716553189643957,0.1274314357952026,0.13011343572079076,0.6167409068662375,0.6291320071211022,161211,7.0,9.4
365,16000.0,(P703)=15000|(P703)=15000|(P375)=10000,60,120,90,300,last_maintenance,current,0,30,30,ventana,153792,0.324743809821057,0.1274314357952026,0.13217202455264254,0.6139135975863504,0.6654896859319829,156049,11.0,9.3
365,16000.0,(P703)=15000|(P703)=15000|(P375)=10000,60,180,90,300,last_maintenance,current,0,30,30,ventana,138237,0.27010134768549665,0.1274314357952026,0.13722809378097037,0.6085924897097015,0.6956632653061224,145040,16.0,9.3
365,16000.0,(P703)=16000|(P703)=16000|(P375)=16000,30,60,90,300,last_maintenance,current,0,30,30,ventana,115849,0.5487315384681785,0.30018289047790664,0.04785539797495015,0.5513729078369256,0.31232413508814905,167387,8.0,11.2
365,16000.0,(P703)=16000|(P703)=16000|(P375)=16000,30,90,90,300,last_maintenance,current,0,30,30,ventana,109812,0.45854733544603504,0.30018289047790664,0.04842822278075256,0.5476997049502786,0.36285853777615035,163860,17.0,11.2
365,16000.0,(P703)=16000|(P703)=16000|(P375)=16000,30,120,90,300,last_maintenance,current,0,30,30,ventana,103890,0.4101068437770719,0.30018289047790664,0.048445471171431324,0.5436904418134565,0.3825420406736495,160202,22.0,11.1
365,16000.0,(P703)=16000|(P703)=16000|(P375)=16000,30,180,90,300,last_maintenance,current,0,30,30,ventana,91650,0.35513366066557556,0.30018289047790664,0.04908892525913802,0.536126568466994,0.38820832484908996,152243,28.0,10.6
365,16000.0,(P703)=16000|(P703)=16000|(P375)=16000,60,60,90,300,last_maintenance,current,0,30,30,ventana,135507,0.46345945227921803,0.2256481418804576,0.05250651257868597,0.5787154907126569,0.4409196210899123,164894,-7.0,9.5
365,16000.0,(P703)=16000|(P703)=16000|(P375)=16000,60,90,90,300,last_maintenance,current,0,30,30,ventana,128633,0.38672813352716645,0.2256481418804576,0.05326782396430154,0.5762284950207178,0.4914159347162524,160530,0.0,9.4
365,16000.0,(P703)=16000|(P703)=16000|(P375)=16000,60,120,90,300,last_maintenance,current,0,30,30,ventana,121910,0.3452464933147404,0.2256481418804576,0.053514888032154866,0.5734230169797392,0.5114403060145702,156071,4.0,9.6
365,16000.0,(P703)=16000|(P703)=16000|(P375)=16000,60,180,90,300,last_maintenance,current,0,30,30,ventana,107956,0.2977231464670792,0.2256481418804576,0.054587053984956835,0.56881507280744,0.5178690965723576,146398,8.0,9.4
365,16000.0,(P703)=1000000000|(P703)=1000000000|(P375)=1000000000|RAPTOR=1000000000,30,60,90,300,last_maintenance,current,0,30,30,ventana,66568,0.6833763970676602,0.39322540573840853,0.00018026679485638744,0.0037856026919841365,0.1386234338518202,152045,12.0,9.2
365,16000.0,(P703)=1000000000|(P703)=1000000000|(P375)=1000000000|RAPTOR=1000000000,30,90,90,300,last_maintenance,current,0,30,30,ventana,62993,0.5843347673551029,0.39322540573840853,0.00017462257711174257,0.003873446255933199,0.1739615721916607,150516,28.0,9.4
365,16000.0,(P703)=1000000000|(P703)=1000000000|(P375)=1000000000|RAPTOR=1000000000,30,120,90,300,last_maintenance,current,0,30,30,ventana,59710,0.536894992463574,0.39322540573840853,0.0001842237481158935,0.0038854463238988442,0.18560631485682835,148982,37.0,9.2
365,16000.0,(P703)=1000000000|(P703)=1000000000|(P375)=1000000000|RAPTOR=1000000000,30,180,90,300,last_maintenance,current,0,30,30,ventana,52426,0.48100179300347157,0.39322540573840853,0.00017167054514935338,0.004177316598634266,0.18699958076465778,145503,46.0,9.2
365,16000.0,(P703)=1000000000|(P703)=1000000000|(P375)=1000000000|RAPTOR=1000000000,60,60,90,300,last_maintenance,current,0,30,30,ventana,72285,0.6187037421318392,0.38293100415409387,0.00017984367434460815,0.003984229093172857,0.17844564147718445,154456,-2.0,9.4
365,16000.0,(P703)=1000000000|(P703)=1000000000|(P375)=1000000000|RAPTOR=1000000000,60,90,90,300,last_maintenance,current,0,30,30,ventana,68298,0.5300448036545726,0.38293100415409387,0.00017570060616709128,0.004085039093384872,0.2104514310067862,152515,11.0,9.3
365,16000.0,(P703)=1000000000|(P703)=1000000000|(P375)=1000000000|RAPTOR=1000000000,60,120,90,300,last_maintenance,current,0,30,30,ventana,64658,0.48781279965356183,0.38293100415409387,0.0001855918834482972,0.004129419406724613,0.21986536010197577,150624,18.0,9.6
365,16000.0,(P703)=1000000000|(P703)=1000000000|(P375)=1000000000|RAPTOR=1000000000,60,180,90,300,last_maintenance,current,0,30,30,ventana,56530,0.43888200955245005,0.38293100415409387,0.0001768972227136034,0.004457810012382805,0.21681328220586327,146301,28.0,10.0
365,16000.0,(P703)=16000|(P703)=16000|(P375)=10000|RAPTOR=10000,30,90,90,300,last_maintenance,current,0,30,0,mes_calendario,150691,0.7893437564287183,0.23911919565720194,0.09535406892249704,0.616626075877126,0.1849366144668158,171648,0.0,10.2
365,16000.0,(P703)=16000|(P703)=16000|(P375)=10000|RAPTOR=10000,30,90,90,270,last_maintenance,current,0,30,30,ventana,146155,0.4409838869693134,0.1890601310374702,0.11175122301666039,0.599808422565085,0.4982649794175941,163975,14.0,10.0
365,16000.0,(P703)=16000|(P703)=16000|(P375)=10000|RAPTOR=10000,30,90,90,365,last_maintenance,current,0,30,30,ventana,135764,0.4133054417960579,0.22198919012640417,0.1203043516690728,0.64571609557762,0.4838860572629686,164609,10.0,10.2
365,16000.0,(P703)=16000|(P703)=16000|(P375)=10000|RAPTOR=10000,30,90,90,300,plan,current,0,30,30,ventana,97030,0.7537874884056477,0.3197447602050156,0.0,0.0,0.16798981794657233,142211,8.0,14.0
365,16000.0,(P703)=16000|(P703)=16000|(P375)=10000|RAPTOR=10000,30,90,90,300,last_maintenance,km,0,30,30,ventana,164093,0.5018983137610988,0.14312425461381414,0.29629539346590045,0.48973447983765306,0.4865410257631316,167992,30.0,10.7
