ServiceMaintenance,ServiceName (top 2),KM_mediana_(60),edad_meses_mediana_(60),n_(60)
1.0,"1° Maintenance service (48,553); 1ª Maintenance review (15,235)",31715.0,8.0,52867
2.0,"2° Maintenance service (31,975); 2ª Maintenance review (13,897)",41454.0,15.0,38334
3.0,"3° Maintenance service (22,248); 3ª Maintenance review (10,175)",54319.0,19.0,26671
4.0,"4° Maintenance service (16,821); 4ª Maintenance review (6,597)",66990.0,23.0,19487
5.0,"5° Maintenance service (14,269); 5ª Maintenance review (4,665)",78813.0,27.0,15797
6.0,"6° Maintenance service (14,089); 6ª Maintenance review (3,677)",88498.0,33.0,14638
7.0,"7° Maintenance service (10,064); 7ª Maintenance review (2,559)",91273.0,35.0,10584
8.0,"8° Maintenance service (8,764); 8ª Maintenance review (2,316)",100118.0,38.0,9352
9.0,"9° Maintenance service (8,052); 9ª Maintenance review (1,861)",110452.0,41.0,8456
10.0,"10° Maintenance service (6,821); 10ª Maintenance review (1,569)",120058.0,44.0,7144
11.0,"1° Maintenance service (5,128); 1ª Maintenance review (1,273)",130081.0,46.0,5478
12.0,"2° Maintenance service (4,453); 2ª Maintenance review (1,174)",138363.0,48.0,4818
13.0,"13° Maintenance service (3,539); 3ª Maintenance review (975)",145421.5,48.0,3905
14.0,"4° Maintenance service (2,910); 4ª Maintenance review (769)",153145.0,50.0,3150
15.0,"15° Maintenance service (2,352); 5ª Maintenance review (604)",163500.0,53.0,2543
16.0,"6° Maintenance service (1,849); 6ª Maintenance review (510)",175025.0,58.0,2016
17.0,"7° Maintenance service (1,355); 7ª Maintenance review (390)",186366.0,59.0,1509
18.0,"8° Maintenance service (1,165); 8ª Maintenance review (364)",197292.0,64.0,1325
19.0,9° Maintenance service (962); 9ª Maintenance review (321),209418.0,67.5,1098
20.0,"20° Maintenance service (3,354); 20ª Maintenance review (807)",246100.0,81.0,3557
