,retorno_acum_por_evento,retorno_acum_por_vehículo (1er evento)
1,0.008850161843237411,0.007669726287935169
2,0.04388205247271883,0.026358223765814936
3,0.13208320244745217,0.08298189034978913
4,0.2379846761086603,0.1613123294467874
5,0.3402805282781792,0.2472504754816836
6,0.4292738223685109,0.33114198296535186
7,0.5031754052909764,0.4067642437773919
8,0.5617530968737623,0.47155379144959897
9,0.6101012032395963,0.5268750516827917
10,0.6481924090741474,0.5725006201935003
11,0.680301561070214,0.611965599933846
12,0.7240333793141125,0.6707392706524435
13,0.7577951078272033,0.7167783014967336
14,0.7753042243133613,0.7399115190606136
15,0.7866400797607178,0.7546307781361118
