k,n_≤2015,n_2016-2019,n_2020-2022,n_2023,n_2024,n_2025-2026,tasa_≤2015,tasa_2016-2019,tasa_2020-2022,tasa_2023,tasa_2024,tasa_2025-2026
1,,,3.0,15.0,519.0,758.0,,,0.3333333333333333,0.4666666666666667,0.6897880539499036,0.6715039577836411
2,1.0,,102.0,5484.0,18525.0,142.0,0.0,,0.7549019607843137,0.7481765134938001,0.7938461538461539,0.823943661971831
3,,2.0,4664.0,9735.0,1955.0,,,0.5,0.7399228130360206,0.6057524396507448,0.7365728900255755,
4,3.0,8.0,10212.0,50.0,,,0.0,0.5,0.6019388954171563,0.56,,
5,,502.0,7773.0,,,,,0.5617529880478087,0.5246365624597967,,,
6,5.0,3698.0,1347.0,,,,0.4,0.3969713358572201,0.3437268002969562,,,
7,4.0,4033.0,2.0,,,,0.5,0.3359781800148773,0.5,,,
8,9.0,4411.0,,,,,0.2222222222222222,0.3121741101790977,,,,
9,242.0,3380.0,,,,,0.25206611570247933,0.26893491124260355,,,,
10,1545.0,987.0,,,,,0.18964401294498381,0.171225937183384,,,,
11,1656.0,14.0,,,,,0.16545893719806765,0.14285714285714285,,,,
12,1220.0,,,,,,0.13442622950819672,,,,,
