k,n_todos,todos,n_cohorte24,cohorte24,n_conocidos,conocidos,preventana_mediana_meses_conocidos,n_activo12,activo_12m_previos,n_maint12prev,maint_en_12m_previos,P(k|maint k-1),P(k|sin maint k-1),caída_pp_conocidos,caída_pp_activo12
1,39897,0.6412261573551896,23021.0,0.6388080448286347,1295,0.6756756756756757,12.0,673,0.6641901931649331,18,0.8333333333333334,,,,
2,34559,0.7517867993865563,13263.0,0.7316595038829827,24254,0.7834996289271873,11.0,10964,0.79624224735498,9103,0.8098429089311217,0.8097539543057997,0.606920022688599,10.8,13.2
3,19960,0.6643286573146293,,,16356,0.6596356077280509,13.0,9399,0.6679433982338546,8415,0.6979203802733215,0.6979203802733215,0.40684684684684685,-12.4,-12.8
4,13717,0.6011518553619596,,,10273,0.6014796067361043,11.0,4197,0.5966166309268525,3725,0.6354362416107383,0.6354362416107383,0.27251908396946567,-5.8,-7.1
5,10896,0.5267988252569751,,,8275,0.5268882175226586,13.0,4233,0.539570044885424,3532,0.6036240090600227,0.6036240090600227,0.2524324324324324,-7.5,-5.7
6,7311,0.3750512925728354,,,5050,0.3827722772277228,12.0,2240,0.39955357142857145,1702,0.4882491186839013,0.4882491186839013,0.1713810316139767,-14.4,-14.0
7,7070,0.3298444130127298,,,4039,0.3362218370883882,12.0,1660,0.3481927710843373,951,0.49842271293375395,0.49842271293375395,0.1668882978723404,-4.7,-5.1
8,7588,0.29059040590405905,,,4420,0.31199095022624435,13.0,2106,0.3176638176638177,1138,0.4929701230228471,0.4929701230228471,0.14756446991404013,-2.4,-3.1
9,6088,0.24129434954007883,,,3622,0.26780784097183874,12.0,1713,0.29480443666082895,846,0.5047281323877069,0.5047281323877069,0.13143776824034334,-4.4,-2.3
10,4379,0.1902260790134734,,,2532,0.18246445497630331,15.0,1203,0.20116375727348296,458,0.4279475982532751,0.4279475982532751,0.10967741935483871,-8.5,-9.4
11,2955,0.17428087986463622,,,1670,0.16526946107784432,14.0,838,0.1766109785202864,279,0.3906810035842294,0.3906810035842294,0.10098302055406613,-1.7,-2.5
12,2285,0.14266958424507659,,,1220,0.13442622950819672,13.0,585,0.13846153846153847,188,0.3191489361702128,0.3191489361702128,0.08247422680412371,-3.1,-3.8
