k,n_P375,n_P703,n_otro,tasa_P375,tasa_P703,tasa_otro
1,18.0,1277.0,,0.4444444444444444,0.6789350039154268,
2,5584.0,18664.0,6.0,0.7480300859598854,0.7940955850835834,0.8333333333333334
3,14400.0,1955.0,1.0,0.6491666666666667,0.7365728900255755,1.0
4,10273.0,,,0.6014796067361043,,
5,8274.0,,1.0,0.5268310369833212,,1.0
6,5050.0,,,0.3827722772277228,,
7,4039.0,,,0.3362218370883882,,
8,4420.0,,,0.31199095022624435,,
9,3622.0,,,0.26780784097183874,,
10,2532.0,,,0.18246445497630331,,
11,1670.0,,,0.16526946107784432,,
12,1220.0,,,0.13442622950819672,,
