edad_meses_fin,n,tasa_semestre,tasa_P375,tasa_P703,tasa_otro,caída_pp
6,1613,0.22194668319900807,0.25,0.22159447583176398,,
12,19413,0.6768660176170608,0.6384266263237519,0.6782761747293189,0.3333333333333333,45.5
18,33857,0.5209853206131672,0.5452108649035025,0.5161918244558485,0.5,-15.6
24,33029,0.535922976777983,0.5608337806405439,0.5231642556308368,0.5714285714285714,1.5
30,27590,0.49220732149329466,0.5071062366149652,0.47342915811088293,0.3333333333333333,-4.4
36,20651,0.45421529223766405,0.4568900804289544,0.4295,0.0,-3.8
42,16298,0.41667689287029086,0.41667689287029086,,,-3.8
48,13660,0.40790629575402637,0.40790629575402637,,,-0.9
54,12491,0.3723480906252502,0.37237790232185747,,0.0,-3.6
60,10717,0.3232247830549594,0.32316162747293764,,1.0,-4.9
66,8828,0.252605346624377,0.25263396397417015,,0.0,-7.1
72,6712,0.2270560190703218,0.2270560190703218,,,-2.6
78,6645,0.2039127163280662,0.2039127163280662,,,-2.3
84,6014,0.2023611572996342,0.2023611572996342,,,-0.2
90,6190,0.18174474959612277,0.18174474959612277,,,-2.1
96,6277,0.17476501513461845,0.17476501513461845,,,-0.7
102,5827,0.16148961729878153,0.16148961729878153,,,-1.3
108,4966,0.1333064840918244,0.1333064840918244,,,-2.8
114,4426,0.1122910076818798,0.1122910076818798,,,-2.1
120,3518,0.09835133598635588,0.09835133598635588,,,-1.4
126,2735,0.10127970749542961,0.10127970749542961,,,0.3
132,2399,0.07961650687786578,0.07961650687786578,,,-2.2
138,2012,0.07455268389662027,0.07455268389662027,,,-0.5
144,1811,0.0706791827719492,0.0707182320441989,,0.0,-0.4
