event_date,n,ret_6m,ret_12m,ret_15m
2024-07,6348,0.4684940138626339,0.7389729048519219,0.7898550724637681
2024-08,6625,0.46747169811320755,0.7286037735849057,0.790188679245283
2024-09,6543,0.4372611951704111,0.7175607519486474,0.7858780375974324
2024-10,6933,0.45593538150872637,0.7302754940141353,0.7920092312130391
2024-11,6603,0.44752385279418444,0.7361805240042405,0.8020596698470392
2024-12,6680,0.4279940119760479,0.7232035928143713,0.7865269461077844
2025-01,7682,0.4134340015620932,0.724030200468628,0.78755532413434
2025-02,6785,0.4053058216654385,0.7103905674281503,0.774207811348563
2025-03,6476,0.3991661519456455,0.7127856701667696,0.7745521927115503
2025-04,7041,0.3983809118023008,0.7216304502201392,0.7866780286891066
2025-05,5503,0.40123568962384154,0.7206978011993458,0.7826640014537525
