mes,total,BusinessUnit=Ford Blue,BusinessUnit=Ford Pro,PersonType=F,PersonType=J,PersonType=otro (25/29/30/NaN)
1,0.0017637461969222628,0.0016935904116727463,0.0019107410945816842,0.0015932446427148889,0.002050861361771944,0.0
2,0.006966797477842938,0.00638353309015112,0.008188890405350075,0.005417031785230622,0.009228876127973748,0.0
3,0.02817584549583315,0.02579468473163106,0.033165006141667806,0.021190153748108023,0.03824856439704676,0.0
4,0.07376868468627365,0.06618030224075039,0.08966834993858332,0.057755118298414725,0.09700574241181296,0.0053475935828877
5,0.1345297411702456,0.12454403335070349,0.1554524361948956,0.1116864494543137,0.16878589007383102,0.008021390374331552
6,0.20578508752590502,0.19567483064095884,0.2269687457349529,0.17836373775193182,0.24835931091058244,0.016042780748663103
7,0.2806561135852551,0.27299374674309534,0.2967107956871844,0.24798852863857246,0.33193191140278916,0.040106951871657755
8,0.35063274394814586,0.34340802501302764,0.3657704381056367,0.31840994184657057,0.40350697292863,0.053475935828877004
9,0.4195511265928833,0.416362688900469,0.42623174559847143,0.3893093284473831,0.4718006562756358,0.07219251336898395
10,0.4790334670840866,0.4812402292860865,0.47440971748328103,0.45256114076316417,0.5276866283839212,0.09893048128342247
11,0.5375457471669827,0.5450104220948411,0.5219052818343114,0.5180434955787461,0.5787530762920426,0.11764705882352941
12,0.643767361876626,0.664538822303283,0.6002456667121605,0.6548235481558193,0.6472518457752255,0.18181818181818182
13,0.7204462277878213,0.7483715476810839,0.6619353077657978,0.7410977455588306,0.7129819524200164,0.22192513368983957
14,0.7511795052691917,0.7802892131318395,0.6901869796642555,0.7711304070740063,0.7438474159146842,0.2727272727272727
15,0.7716389611534901,0.7993095362167796,0.713661798826259,0.7901696805544491,0.7662018047579984,0.2914438502673797
16,0.7859693990034834,0.8133793642522147,0.728538283062645,0.8021190153748108,0.782608695652174,0.3315508021390374
17,0.7991974954804004,0.8254299114121939,0.744233656339566,0.8123157810881861,0.7994257588187038,0.35294117647058826
18,0.8092508488028572,0.8353960396039604,0.7544697693462535,0.821078626623118,0.8102953240360952,0.3850267379679144
