horizonte_meses,volvió_a_mantenimiento,churn_mantenimiento,volvió_cualquier_visita_concluida,churn_red,volvió_maint_excl_<30d,n
3,0.13208320244745217,0.8679167975525478,0.2642483508378973,0.7357516491621028,,73219
6,0.4292738223685109,0.5707261776314891,0.5550062142340103,0.4449937857659897,,73219
9,0.6101012032395963,0.38989879676040373,0.7092011636323905,0.2907988363676095,,73219
10,0.6481924090741474,0.35180759092585256,0.7405045138556932,0.25949548614430684,,73219
11,0.680301561070214,0.319698438929786,0.765511684125705,0.23448831587429497,,73219
12,0.7240333793141125,0.2759666206858875,0.7961458091478988,0.2038541908521012,0.7157158661003291,73219
13,0.7577951078272033,0.24220489217279673,0.8218222046190197,0.17817779538098033,,73219
14,0.7753042243133613,0.22469577568663868,0.8352067086411997,0.16479329135880028,,73219
15,0.7866400797607178,0.21335992023928219,0.8437564020267964,0.15624359797320364,0.7783225665469345,73219
