k,n_conocidos,maint_conocidos,caída_pp_vs_k-1,caída_relativa_%
1,1295,0.6756756756756757,,
2,24254,0.7834996289271873,10.8,16.0
3,16356,0.6596356077280509,-12.4,-15.8
4,10273,0.6014796067361043,-5.8,-8.8
5,8275,0.5268882175226586,-7.5,-12.4
6,5050,0.3827722772277228,-14.4,-27.4
7,4039,0.3362218370883882,-4.7,-12.2
8,4420,0.31199095022624435,-2.4,-7.2
9,3622,0.26780784097183874,-4.4,-14.2
10,2532,0.18246445497630331,-8.5,-31.9
11,1670,0.16526946107784432,-1.7,-9.4
12,1220,0.13442622950819672,-3.1,-18.7
