mes,ciclos_vencen,vehículos_distintos_vencen,en_ventana,vehículos_distintos_en_ventana,ret_≤1m,ret_≤3m
2025-01,7831.0,7788.0,2324.0,2324.0,0.1381239242685026,0.22418244406196214
2025-02,6942.0,6907.0,2030.0,2030.0,0.11921182266009853,0.22857142857142856
2025-03,7173.0,7142.0,2063.0,2063.0,0.13572467280659234,0.24769752787203103
2025-04,7534.0,7506.0,2189.0,2189.0,0.13750571037003198,0.24120603015075376
2025-05,7628.0,7597.0,2097.0,2097.0,0.13257033857892228,0.2527420123986648
2025-06,6605.0,6586.0,1893.0,1893.0,0.14527205493924986,0.25726360274696247
2025-07,8915.0,8873.0,2574.0,2574.0,0.14996114996114995,0.2567987567987568
2025-08,9209.0,9169.0,2690.0,2690.0,0.1654275092936803,0.2776951672862453
2025-09,8523.0,8482.0,2566.0,2566.0,0.15666406858924395,0.27552611067809823
2025-10,8995.0,8954.0,2605.0,2603.0,0.15009596928982727,0.2656429942418426
2025-11,8362.0,8327.0,2372.0,2372.0,0.16863406408094436,0.29300168634064083
2025-12,8513.0,8490.0,2475.0,2475.0,0.14666666666666667,0.2719191919191919
2026-01,10676.0,10648.0,3219.0,3219.0,0.1888785337061199,0.3140726933830382
2026-02,8609.0,8578.0,2668.0,2668.0,0.15179910044977513,0.26499250374812594
2026-03,8416.0,8383.0,2560.0,2560.0,0.16328125,0.275
2026-04,9237.0,9207.0,2756.0,2756.0,0.17198838896952104,0.2880986937590711
promedio,8323.0,8289.8125,2442.5625,2442.4375,0.15136282653939537,0.26465067774730083
