k,n,maint_todos,visita_todos,turno_todos,n_conocidos,maint_conocidos,visita_conocidos,n_cohorte24,maint_cohorte24,visita_cohorte24,n_con_maint_k-1,P(maint k | maint k-1),n_sin_maint_k-1,P(maint k | sin maint k-1),caída_pp_conocidos
1,39897,0.6412010928139961,0.7236133042584656,0.7536656891495601,1295,0.6756756756756757,0.8077220077220078,23021.0,0.6387646062290951,0.7257721211068155,,,,,
2,34559,0.7518157354090107,0.8142307358430511,0.8440927110159437,24254,0.7834996289271873,0.842252824276408,13263.0,0.7317349016059715,0.7928824549498605,9103.0,0.8098429089311217,5290.0,0.6069943289224953,10.8
3,19960,0.6643286573146293,0.7149298597194389,0.7482965931863728,16356,0.6596356077280509,0.7007825874296895,,,,8415.0,0.6979203802733215,2775.0,0.40684684684684685,-12.4
4,13717,0.6011518553619596,0.6717941240796093,0.7099219946052344,10273,0.6014796067361043,0.6507349362406308,,,,3725.0,0.6354362416107383,1310.0,0.27251908396946567,-5.8
5,10896,0.5267988252569751,0.621787812041116,0.67143906020558,8275,0.5268882175226586,0.592749244712991,,,,3532.0,0.6036240090600227,1850.0,0.2524324324324324,-7.5
6,7311,0.3750512925728354,0.5267405279715497,0.59690876761045,5050,0.3827722772277228,0.48277227722772276,,,,1702.0,0.4882491186839013,1202.0,0.1713810316139767,-14.4
7,7070,0.3298444130127298,0.5186704384724187,0.5912305516265912,4039,0.3362218370883882,0.460510027234464,,,,951.0,0.49842271293375395,1504.0,0.1668882978723404,-4.7
8,7588,0.29059040590405905,0.4959146020031629,0.5764364786505007,4420,0.31199095022624435,0.4402714932126697,,,,1138.0,0.4929701230228471,2094.0,0.14756446991404013,-2.4
9,6088,0.24129434954007883,0.46205650459921155,0.558311432325887,3622,0.26780784097183874,0.4036443953616786,,,,846.0,0.5047281323877069,1864.0,0.13143776824034334,-4.4
10,4379,0.1902260790134734,0.4247545101621375,0.5192966430691939,2532,0.18246445497630331,0.32977883096366506,,,,458.0,0.4279475982532751,1550.0,0.10967741935483871,-8.5
11,2955,0.17428087986463622,0.4233502538071066,0.5164128595600677,1670,0.16526946107784432,0.3089820359281437,,,,279.0,0.3906810035842294,1119.0,0.10098302055406613,-1.7
12,2285,0.14266958424507659,0.3851203501094092,0.5024070021881838,1220,0.13442622950819672,0.2721311475409836,,,,188.0,0.3191489361702128,776.0,0.08247422680412371,-3.1
