k,n_1,n_2,n_3,n_4,n_5,tasa_1,tasa_2,tasa_3,tasa_4,tasa_5
1,87,100,327,576,205,0.6436781609195402,0.78,0.7217125382262997,0.6458333333333334,0.6487804878048781
2,2640,4377,4843,7028,5366,0.7431818181818182,0.8085446652958648,0.7902126780920917,0.7851451337507115,0.7746925083861349
3,1944,3046,3078,4411,3877,0.5570987654320988,0.6992777413000657,0.6702404158544509,0.678530945363863,0.6499871034304875
4,971,2145,2160,2926,2071,0.5901132852729145,0.5967365967365967,0.5768518518518518,0.6226930963773069,0.607436021245775
5,814,1768,1724,2166,1803,0.5233415233415234,0.5395927601809954,0.5011600928074246,0.5221606648199446,0.5463117027176927
6,479,1074,1054,1275,1168,0.3903966597077244,0.4031657355679702,0.3510436432637571,0.35764705882352943,0.4169520547945205
7,451,876,755,981,976,0.352549889135255,0.3561643835616438,0.2860927152317881,0.33741080530071355,0.3483606557377049
8,429,1091,795,1061,1044,0.3356643356643357,0.304307974335472,0.2968553459119497,0.2855796418473139,0.3486590038314176
9,362,806,687,846,921,0.3011049723756906,0.2531017369727047,0.2561863173216885,0.24231678486997635,0.2996742671009772
10,247,514,461,606,704,0.2388663967611336,0.1575875486381323,0.1735357917570499,0.19471947194719472,0.17613636363636365
11,160,387,281,375,467,0.23125,0.16020671834625322,0.16725978647686832,0.17066666666666666,0.14132762312633834
12,120,299,207,287,307,0.175,0.14715719063545152,0.1111111111111111,0.14285714285714285,0.11400651465798045
