,gap por evento (como el informe),gap mediano por vehículo,km/año por evento,km/año por vehículo (último mant.)
count,133837.0,55776.0,217332.0,84795.0
mean,188.24479030462427,230.60469556798623,50305.62213300894,26145.548451238006
std,112.55773550556545,120.80670517724508,58442.56314791489,24658.45759432247
min,1.0,1.0,0.0,0.0
10%,72.0,98.0,12831.91853101039,9373.886091051805
25%,106.0,140.0,20518.71793213131,14548.827795753401
50%,161.0,206.5,34079.50489115398,21909.433107535988
75%,245.0,306.0,58231.78770934671,32504.3471227228
90%,352.0,379.0,99869.90081407563,46376.84934474385
max,937.0,937.0,3319893.006637168,2753227.419981917
