mes,ciclos_que_vencen,volvieron_antes_12m,en_ventana_12m_sin_service,pct_en_ventana,de_los_en_ventana: volvió_≤1m,de_los_en_ventana: volvió_≤3m,de_los_en_ventana: volvió_≤6m,de_los_en_ventana: volvió_hasta_cutoff,vehículos_únicos_en_ventana
2025-01,7831,5507,2324,0.2967692504150172,0.1381239242685026,0.22418244406196214,0.3098106712564544,0.4294320137693632,2324
2025-02,6942,4912,2030,0.2924229328723711,0.11921182266009853,0.22857142857142856,0.31822660098522165,0.43399014778325123,2030
2025-03,7173,5110,2063,0.287606301408058,0.13572467280659234,0.24769752787203103,0.31119728550654385,0.41977702375181775,2063
2025-04,7534,5345,2189,0.29054950889301834,0.13750571037003198,0.24120603015075376,0.32891731384193695,0.46185472818638645,2189
2025-05,7628,5531,2097,0.27490823282642896,0.13257033857892228,0.2527420123986648,0.3285646161182642,0.45445875059608964,2097
2025-06,6605,4712,1893,0.2866010598031794,0.14527205493924986,0.25726360274696247,0.3502377179080824,0.46328578975171686,1893
2025-07,8915,6341,2574,0.2887268648345485,0.14996114996114995,0.2567987567987568,0.3445998445998446,0.44522144522144524,2574
2025-08,9209,6519,2690,0.2921055489195352,0.1654275092936803,0.2776951672862453,0.35985130111524166,0.44646840148698885,2690
2025-09,8523,5957,2566,0.30106769916695997,0.15666406858924395,0.27552611067809823,0.36554949337490256,0.4372564302416212,2566
2025-10,8995,6390,2605,0.2896053362979433,0.15009596928982727,0.2656429942418426,0.34971209213051824,0.418042226487524,2603
2025-11,8362,5990,2372,0.28366419516861996,0.16863406408094436,0.29300168634064083,0.36593591905564926,0.40134907251264756,2372
2025-12,8513,6038,2475,0.2907318219194174,0.14666666666666667,0.2719191919191919,0.3486868686868687,0.38505050505050503,2475
2026-01,10676,7457,3219,0.3015174222555264,0.1888785337061199,0.3140726933830382,0.38769804287045667,0.40571606088847467,3219
2026-02,8609,5941,2668,0.3099082355674294,0.15179910044977513,0.26499250374812594,,0.3429535232383808,2668
2026-03,8416,5856,2560,0.3041825095057034,0.16328125,0.275,,0.344140625,2560
2026-04,9237,6481,2756,0.2983652701093429,0.17198838896952104,0.2880986937590711,,0.330188679245283,2756
2026-05,9489,6621,2868,0.30224470439456214,0.17642956764295675,,,0.28730822873082285,2868
2026-06,8713,6133,2580,0.29610926202226556,0.1693798449612403,,,0.2627906976744186,2580
2026-07,10057,6837,3220,0.32017500248583075,,,,0.20186335403726707,3220
2026-08,7783,5339,2444,0.314017730952075,,,,0.09901800327332243,2444
