dias,% de la cohorte,n
"[0, 30)",0.0016755588870761497,38
"[30, 60)",0.0044534591472287135,101
"[60, 90)",0.01918073989152961,435
"[90, 120)",0.04378499933859518,993
"[120, 150)",0.05890912297720358,1336
"[150, 180)",0.06763966665196879,1534
"[180, 210)",0.07610564839719565,1726
"[210, 240)",0.06949160015873716,1576
"[240, 270)",0.06865382071519908,1557
"[270, 300)",0.05890912297720358,1336
"[300, 330)",0.058159530843511616,1319
"[330, 360)",0.08730543674765201,1980
"[360, 390)",0.09638872966180166,2186
"[390, 420)",0.034393050839984125,780
"[420, 450)",0.022972794214912474,521
"[450, 480)",0.014991842673839234,340
"[480, 510)",0.012698972617840292,288
"[510, 540)",0.01119978835045637,254
"[540, 570)",0.008951011949380484,203
