k,n,km_p25,km_mediana,km_p75,pct_km_ge_100k,pct_km_ge_150k,maint_number_mediana
1.0,55719,24389.0,44029.0,68363.0,0.10150935946445558,0.02103411762594447,1.0
2.0,64012,32827.0,54531.0,85699.5,0.18016934324814096,0.04563206898706493,3.0
3.0,41598,48876.75,74798.0,112066.25,0.3152315015144959,0.0978412423674215,5.0
4.0,22765,63767.0,98118.0,137315.0,0.48007906874588185,0.18335163628376894,8.0
5.0,13846,73006.0,105366.0,144796.0,0.5460782897587751,0.22757475083056478,9.0
6.0,6829,80278.5,112434.0,157035.25,0.5918875384390101,0.27763947869380584,10.0
7.0,5010,87757.0,122449.0,169716.0,0.6534930139720558,0.3323353293413174,10.0
8.0,4175,97489.0,136253.0,183418.0,0.7161676646706587,0.41125748502994014,11.0
9.0,2886,103230.0,148234.0,196237.0,0.7636867636867637,0.47886347886347885,12.0
10.0,1656,112501.0,159800.0,215200.0,0.8007246376811594,0.5446859903381642,13.0
11.0,962,122671.75,167429.5,230728.25,0.8264033264033264,0.58004158004158,14.0
12.0,1001,128018.0,179697.0,244760.0,0.8411588411588412,0.6283716283716284,15.0
