h,total,desde inicio de garantía (nunca fue),tras un mantenimiento,n
1,0.009157877113678218,0.0018064336830403668,0.01149171758166619,59730
2,0.04558848150008371,0.006600430764955187,0.05796589981692657,59730
3,0.12961660806964675,0.02765233099423331,0.16198689811853453,59730
4,0.22857860371672525,0.07170152157298687,0.278381895581975,59730
5,0.3211451531893521,0.1297853123045925,0.3818955819749873,59730
6,0.40780177465260337,0.2031543111234628,0.47277058473211725,59730
7,0.47878787878787876,0.27346626832488014,0.5439707082515385,59730
8,0.5374351247279424,0.3400958799416383,0.6000838167501158,59730
9,0.5873597857023272,0.40714236086986727,0.644572865430002,59730
10,0.6272392432613427,0.46612936844299313,0.6783863069898758,59730
11,0.6632512975054412,0.5260890710762176,0.706795773871231,59730
12,0.7133266365310564,0.637462655457514,0.737410944703002,59730
13,0.7518499916289971,0.71604252066977,0.7632176809228666,59730
14,0.7700485518165077,0.7461960675328284,0.7776209277190815,59730
15,0.7828561861711033,0.765997359827694,0.7882083066810772,59730
16,0.7925330654612422,0.7806572639477524,0.7963032401791031,59730
17,0.8004352921479994,0.7946223858820259,0.8022806978847299,59730
18,0.8069814163736816,0.8061557701660529,0.8072435317731654,59730
19,0.8125230202578269,0.8169248940457167,0.8111255707258972,59730
20,0.8174284279256655,0.8268602793024387,0.8144341266515208,59730
21,0.8214130252804286,0.8338775793788648,0.8174559410635904,59730
22,0.8246944583961159,0.8399916626137706,0.8198381013300395,59730
23,0.82802611752888,0.8474953102202459,0.8218452919249178,59730
24,0.8317763268039511,0.8557632182310846,0.8241612810728544,59730
