h,total_maint,total_visita,edad_0 (1er año),edad_1,edad_2,edad_3,edad_4,edad_5,edad_6-9,edad_10+
1,0.008850161843237411,0.07391524057963098,0.011240836274775998,0.010956537552282233,0.007299904406013731,0.007499414108272791,0.0035674470457079154,0.004092769440654843,0.003538431295459013,0.010479041916167664
2,0.04388205247271883,0.15426323768420766,0.036546293782242736,0.05982905982905983,0.05500999391674633,0.04218420435903445,0.02274247491638796,0.01227830832196453,0.012384509534106546,0.0374251497005988
3,0.13208320244745217,0.2642483508378973,0.11914200380124898,0.1597563193307874,0.17580603111149734,0.1345207405671432,0.0907469342251951,0.049567985447930875,0.03931590328287792,0.05688622754491018
4,0.2379846761086603,0.3755582567366394,0.22932392071680696,0.26727586833969813,0.3085078647779612,0.2515819076634638,0.17748049052396878,0.110050022737608,0.09062315706703361,0.08532934131736528
5,0.3402805282781792,0.4734290279845395,0.34032039098560957,0.3673395162756865,0.4233944555487964,0.3598546988516522,0.2682274247491639,0.19190541155070487,0.16139178297621387,0.11826347305389222
6,0.4292738223685109,0.5550062142340103,0.43920716806950855,0.4516730314602655,0.5202919961762406,0.45500351535036326,0.3511705685618729,0.27376080036380174,0.2250835462944761,0.15718562874251496
7,0.5031754052909764,0.6199756893702454,0.5243551452620147,0.5245499181669394,0.5899017989050144,0.5302320131239747,0.41783723522853955,0.34924965893587995,0.2824847650874779,0.20059880239520958
8,0.5617530968737623,0.669648588481132,0.5938093945153408,0.5842880523731587,0.6405666116277049,0.5831966252636512,0.4682274247491639,0.4070031832651205,0.3353646550029487,0.24550898203592814
9,0.6101012032395963,0.7092011636323905,0.6566386098289438,0.6322058556101109,0.6781089771443469,0.6239746894773845,0.5094760312151616,0.4583901773533424,0.37959504619618634,0.27095808383233533
10,0.6481924090741474,0.7405045138556932,0.707901167526473,0.6698490634660847,0.7041800643086816,0.657839231310054,0.5395763656633222,0.49386084583901774,0.41773147238057795,0.29790419161676646
11,0.680301561070214,0.765511684125705,0.7494976920988324,0.7029459901800328,0.7297297297297297,0.6815092570892899,0.5638795986622074,0.519781718963165,0.4501670925889522,0.32934131736526945
12,0.7240333793141125,0.7961458091478988,0.813304371436329,0.7536370249136206,0.7532806118015121,0.7076400281228029,0.5926421404682274,0.5511596180081856,0.4886966778061726,0.3592814371257485
13,0.7577951078272033,0.8218222046190197,0.8550638066793375,0.7946444808146936,0.7739636742852177,0.73072416217483,0.6164994425863991,0.580718508412915,0.522704934145862,0.3787425149700599
14,0.7753042243133613,0.8352067086411997,0.8729296768938365,0.8144208037825059,0.7878682541061962,0.7456058120459339,0.6287625418060201,0.5993633469758981,0.5462944761155888,0.39820359281437123
15,0.7866400797607178,0.8437564020267964,0.8844963345099104,0.8265593744317149,0.7958633875032589,0.7540426529177408,0.6405797101449275,0.613005911778081,0.5643797916257126,0.4101796407185629
