maint_grp,n,maint_6m,maint_9m,maint_12m,maint_13m,maint_15m,visita_12m,visita_15m
1,16731,0.2742215049907358,0.49076564461179845,0.7055764748072441,0.7790927021696252,0.8301356762895225,0.7983981830135676,0.8854820393281931
2,9842,0.37421255842308476,0.6168461694777484,0.7585856533224954,0.7981101402154034,0.8287949603739078,0.8228002438528754,0.8750254013411908
3,7018,0.4405813622114563,0.6510401823881448,0.7534910230834996,0.780706754060986,0.8103448275862069,0.8082074665146766,0.8546594471359361
4,5828,0.4708304735758408,0.6480782429649966,0.7393617021276596,0.7644131777625257,0.7884351407000686,0.7882635552505147,0.8284145504461222
5,5270,0.45939278937381406,0.6244781783681215,0.7024667931688805,0.7225806451612903,0.7430740037950664,0.7519924098671726,0.788235294117647
6,5100,0.4752941176470588,0.6390196078431373,0.707843137254902,0.7254901960784313,0.7488235294117647,0.7735294117647059,0.807843137254902
7-8,7190,0.5225312934631433,0.6752433936022253,0.7417246175243394,0.7585535465924895,0.7766342141863699,0.7994436717663421,0.8290681502086231
9-10,5748,0.5474947807933194,0.6706680584551148,0.7249478079331941,0.738169798190675,0.7546972860125261,0.7971468336812805,0.8215031315240083
11-19,9265,0.5376146788990825,0.6543982730706962,0.7065299514301133,0.7191581219643821,0.7344846195358877,0.795466810577442,0.8192120885051268
20,1227,0.4841075794621027,0.58679706601467,0.6414017929910351,0.6462917685411573,0.6577017114914425,0.784841075794621,0.797881010594947
